Workbook

Sheet Final work rpt-voucher
A1: GREEN MARINE CO., LTD.
A2: PYEONGTAEK-DANGJIN, KOREA
A4: M/V : | G4: DATE :
A6: Voy. No. : | D6: / | G6: PORT : Pyeongtaek-Dangjin, Korea
D8: Disch. Com'ced work : | G8: Load. Com'ced work :
D10: Com'ted work : | G10: Com'ted work :
C12: FINAL WORKING REPORT (VOUCHER)
A14: Description of operation | E14: Total operation Q'ty | F14: Day time service | G14: Night time service | H14: Non office hours service | I14: Holiday service
E15: PKGS(EA) | F15: PKGS(EA) | G15: PKGS(EA) | H15: PKGS(EA) | I15: PKGS(EA)
A16: ** IN-BOUND ** | G16: (1700~0700hrs)
A17: 20ft Full CNTR | E17: =F17+G17
A18: 20ft Empty CNTR | E18: =F18+G18
A19: 20ft Full CNTR (Lug) | E19: =F19+G19
A20: 20ft Empty CNTR (Lug) | E20: =F20+G20
A21: 40'/HC/45' Full CNTR | E21: =F21+G21
A22: 40'/HC/45' Empty CNTR | E22: =F22+G22
A23: 40'/HC/45' Full CNTR (Lug) | E23: =F23+G23
A24: 40'/HC/45' Empty CNTR (Lug) | E24: =F24+G24
A25: Bulk (20/40/Grd) | E25: =F25+G25
A27: TOTAL (Disch.) | E27: =SUM(E17:E26) | F27: =SUM(F17:F26) | G27: =SUM(G17:G26) | H27: =SUM(H17:H26) | I27: =SUM(I17:I26)
A29: ** OUT-BOUND **
A30: 20ft Full CNTR | E30: =F30+G30
A31: 20ft Empty CNTR | E31: =F31+G31
A32: 20ft Full CNTR (Lug) | E32: =F32+G32
A33: 20ft Empty CNTR (Lug) | E33: =F33+G33
A34: 40'/HC/45' Full CNTR | E34: =F34+G34
A35: 40'/HC/45' Empty CNTR | E35: =F35+G35
A36: 40'/HC/45' Full CNTR (Lug) | E36: =F36+G36
A37: 40'/HC/45' Empty CNTR (Lug) | E37: =F37+G37
A38: Bulk (20/40/Grd) | E38: =F38+G38
A40: TOTAL (Load.) | E40: =SUM(E30:E39) | F40: =SUM(F30:F39) | G40: =SUM(G30:G39) | H40: =SUM(H30:H39) | I40: =SUM(I30:I39)
A42: REMARKS
A50: Chief Checker | H50: Chief Officer

Sheet OS-IN
A1: GREEN MARINE CO., LTD.
A2: PYEONGTAEK, KOREA
A4: CARGO OVERAGE & SHORTAGE REPORT (DISCH)
A6: M / V : | G6: VOY. NO.: | H6: ='Final work rpt-voucher'!C6 | K6: ='Final work rpt-voucher'!G4
A8: PORT : | B8: PYEONGTAEK, KOREA | G8: PIER : | H8: PNCT | K8: BERTH : | L8: 15
A10: B/L NO. | B10: MARKS (PORT) | D10: DESCRIPTION | G10: TYPE OF | H10: MANIFESTED | J10: DISCHARGED | K10: OVER | L10: SHORT | M10: REMARKS
G11: PKGS
D12: 20' | E12: FULL | F12: CONT'R | G12: VAN | J12: =H12 | K12: NIL | L12: NIL
D13: 20'(LUG) | E13: FULL | F13: CONT'R | G13: VAN | J13: =H13 | K13: NIL | L13: NIL
D14: 40' | E14: FULL | F14: CONT'R | G14: VAN | J14: =H14 | K14: NIL | L14: NIL
D15: 45' | E15: FULL | F15: CONT'R | G15: VAN | J15: =H15 | K15: NIL | L15: NIL
D16: T O T A L | G16: VAN | H16: =SUM(H12:I15) | J16: =SUM(J12:J15) | K16: NIL | L16: NIL
A27: CHIEF CHECKER | G27: STEVEDORE | L27: CHIEF OFFICER

Sheet DM-IN
A1: GREEN MARINE CO., LTD.
A2: PYEONGTAEK, KOREA
A4: CARGO DAMAGE REPORT
A6: M / V : | B6: OCEAN BLUE WHALE | I6: VOY. NO. : | K6: ='Final work rpt-voucher'!C6 | O6: ='OS-IN'!K6
A8: PORT : | B8: PYEONGTAEK, KOREA | I8: PIER : PNCT | O8: BERTH : | P8: 15
A10: PORT | B10: B/L NO. | C10: MARKS | F10: CONTENTS | J10: NO. OF | K10: TYPE | L10: EXCEPTION ( Found in stow )
J11: PKGS
A12: YNT
A32: CHIEF CHECKER | I32: STEVEDORE | O32: CHIEF OFFICER

Sheet OS-OUT
A1: GREEN MARINE CO., LTD.
A2: PYEONGTAEK, KOREA
A4: CARGO OVERAGE & SHORTAGE REPORT (LOAD)
A6: M / V : | G6: VOY. NO.: | H6: ='Final work rpt-voucher'!E6 | K6: ='Final work rpt-voucher'!G4
A8: PORT : | B8: PYEONGTAEK, KOREA | G8: PIER : | H8: PNCT | K8: BERTH : | L8: 15
A10: B/L NO. | B10: MARKS (PORT) | D10: DESCRIPTION | G10: TYPE OF | H10: MANIFESTED | J10: LOADED | K10: OVER | L10: SHORT | M10: REMARKS
G11: PKGS
D12: 20' | E12: FULL | F12: CONT'R | G12: VAN | J12: =H12 | K12: NIL | L12: NIL
D13: 20' | E13: EMPTY | F13: CONT'R | G13: VAN | J13: =H13 | K13: NIL | L13: NIL
D14: 20'(LUG) | E14: EMPTY | F14: CONT'R | G14: VAN | J14: =H14 | K14: NIL | L14: NIL
D15: 40' | E15: FULL | F15: CONT'R | G15: VAN | J15: =H15 | K15: NIL | L15: NIL
D16: 40' | E16: EMPTY | F16: CONT'R | G16: VAN | J16: =H16 | K16: NIL | L16: NIL
D17: 45' | E17: FULL | F17: CONT'R | G17: VAN | J17: =H17 | K17: NIL | L17: NIL
D18: 45' | E18: EMPTY | F18: CONT'R | G18: VAN | J18: =H18 | K18: NIL | L18: NIL
D19: T O T A L | G19: VAN | H19: =SUM(H12:I18) | J19: =SUM(J12:J18) | K19: NIL | L19: NIL
A28: CHIEF CHECKER | G28: STEVEDORE | L28: CHIEF OFFICER

Sheet DM-OUT
A1: GREEN MARINE CO., LTD.
A2: PYEONGTAEK, KOREA
A4: CARGO DAMAGE REPORT
A6: M / V : | B6: OCEAN BLUE WHALE | I6: VOY. NO. : | K6: ='Final work rpt-voucher'!E6 | O6: ='Final work rpt-voucher'!G4
A8: PORT : | B8: PYEONGTAEK, KOREA | I8: PIER : PNCT | O8: BERTH : | P8: 15
A10: PORT | B10: B/L NO. | C10: MARKS | F10: CONTENTS | J10: NO. OF | K10: TYPE | L10: EXCEPTION ( Prior To Load )
J11: PKGS
A32: CHIEF CHECKER | I32: STEVEDORE | O32: CHIEF OFFICER

Sheet DAMAGE REPORT
A1: GREEN MARINE CO., LTD.
A2: PYEONGTAEK, KOREA
A4: CONTAINER DAMAGED REPORT
A6: M / V : | B6: OCEAN BLUE WHALE | F6: VOY. NO. : | H6: ='Final work rpt-voucher'!C6 | J6: ='DM-IN'!O6
A8: CONTAINER NO : | F8: SEAL NO. : | J8: SIZE : | K8: 20' | L8: 40' | M8: 45'
M10: PORT : PYEONGTAEK, KOREA
A29: Description of Damage :
B30: ( Found in stow )
A38: SYMBOLS
A39: B | B39: BO | C39: BU | D39: C | E39: D | F39: DO | G39: H | H39: M | I39: O | J39: P | K39: R | L39: S | M39: T
A40: Broken | B40: Bulged out | C40: Buckled | D40: Cut | E40: Dent | F40: Distorted | G40: Hole | H40: Miss | I40: Burned out | J40: Patch | K40: Rusty | L40: Scratch | M40: Torn
A49: CHIEF CHECKER | F49: STEVEDORE | K49: CHIEF OFFICER
A50: GREEN MARINE CO., LTD.
A51: PYEONGTAEK, KOREA
A53: CONTAINER DAMAGED REPORT
A55: M / V : | B55: OCEAN BLUE WHALE | F55: VOY. NO. : | H55: =H6 | J55: =J6
A57: CONTAINER NO : | F57: SEAL NO. : | J57: SIZE : | K57: 20' | L57: 40' | M57: 45'
M59: PORT : PYEONGTAEK, KOREA
A78: Description of Damage :
B79: ( Found in stow )
A87: SYMBOLS
A88: B | B88: BO | C88: BU | D88: C | E88: D | F88: DO | G88: H | H88: M | I88: O | J88: P | K88: R | L88: S | M88: T
A89: Broken | B89: Bulged out | C89: Buckled | D89: Cut | E89: Dent | F89: Distorted | G89: Hole | H89: Miss | I89: Burned out | J89: Patch | K89: Rusty | L89: Scratch | M89: Torn
A98: CHIEF CHECKER | F98: STEVEDORE | K98: CHIEF OFFICER

Sheet Act. Cntr-Seal No List
A1: GREEN MARINE CO., LTD.
A2: PYEONGTAEK, KOREA
A4: M / V : OCEAN BLUE WHALE | F4: ='OS-IN'!K6
A6: VOY.NO.: | C6: ='Final work rpt-voucher'!C6 | F6: PORT : | G6: PYEONGTAEK, KOREA
C8: ACTUAL CONTAINER & SEAL NUMBER LIST
A10: MANIFEST | D10: SIZE | E10: ACTUAL | G10: RESEAL NO. | H10: REMARKS
A11: CONT'R NO. | C11: SEAL NO. | E11: CONT'R NO. | F11: SEAL NO.
A33: 20FT | B33: FULL
B34: EMPTY
A35: 40FT | B35: FULL
B36: EMPTY
A37: TOTAL | G37: CHIEF CHECKER
A38: GREEN MARINE CO., LTD.
A39: PYEONGTAEK, KOREA
F41: ='OS-OUT'!K6
C43: ='Final work rpt-voucher'!E6

Sheet RF condition report
A1: GREEN MARINE CO., LTD.
A2: PYEONGTAEK, KOREA
A3: REEFER CONTAINER CONDITION REPORT
A4: Disharging / Loading | I4: 1/2
A6: M/V : | D6: VOY # : | E6: ='Final work rpt-voucher'!C6 | G6: ='OS-IN'!K6
A7: PIER : PNCT | D7: BERTH : | E7: 15 | G7: PORT : | H7: PYEONGTAEK, KOREA
A9: ONTAINER NO. | B9: SEAL NO. | C9: SIZE | D9: LOATION | F9: TEMPERATURE | H9: TIME | I9: REMARKS
D10: Bay/Slot/Tier | F10: Setting | G10: Atual | H10: Plug In / Out
A37: < CY 보관지침 >
A38: 1. 최초 화주로 부터 지정된 온도(SETTING 온도를 말하며 수입목록 혹은 BAY PLAN에
A39: 표기된 온도)는 그 적정 온도를 유지하고 있는지 4시간마다 확인하여 기록 보관해야한다.
A40: 2. 온도를 지정하는 지시 및 표기가 없을 경우 일반적으로 채용되고 있는
A41: 냉동/냉장 화물의 운송온도를 기준으로 한다.
A42: 3. 만일 온도 이상 및 기타 기기의 이상이 발견될 시는 즉시 OPERATOR에게 통보하여야한다.
A46: CHIEF CHECKER | D46: STEVEDORE | H46: CHIEF OFFICER
A48: GREEN MARINE CO., LTD.
A49: PYEONGTAEK, KOREA
A50: REEFER CONTAINER CONDITION REPORT
A51: Disharging / Loading | I51: 2/2
A53: M/V : | D53: VOY # : | E53: ='Final work rpt-voucher'!C6 | G53: ='OS-IN'!K6
A54: PIER : PNCT | D54: BERTH : | E54: 15 | G54: PORT : | H54: PYEONGTAEK, KOREA
A56: ONTAINER NO. | B56: SEAL NO. | C56: SIZE | D56: LOATION | F56: TEMPERATURE | H56: TIME | I56: REMARKS
D57: Bay/Slot/Tier | F57: Setting | G57: Atual | H57: Plug In / Out
A84: < CY 보관지침 >
A85: 1. 최초 화주로 부터 지정된 온도(SETTING 온도를 말하며 수입목록 혹은 BAY PLAN에
A86: 표기된 온도)는 그 적정 온도를 유지하고 있는지 4시간마다 확인하여 기록 보관해야한다.
A87: 2. 온도를 지정하는 지시 및 표기가 없을 경우 일반적으로 채용되고 있는
A88: 냉동/냉장 화물의 운송온도를 기준으로 한다.
A89: 3. 만일 온도 이상 및 기타 기기의 이상이 발견될 시는 즉시 OPERATOR에게 통보하여야한다.
A93: CHIEF CHECKER | D93: STEVEDORE | H93: CHIEF OFFICER
